<?xml version="1.0" encoding="UTF-8"?>
<extension type="module" client="administrator" method="upgrade">
	<name>mod_menu</name>
	<author>Joomla! Project</author>
	<creationDate>2006-03</creationDate>
	<copyright>(C) 2006 Open Source Matters, Inc.</copyright>
	<license>GNU General Public License version 2 or later; see LICENSE.txt</license>
	<authorEmail>admin@joomla.org</authorEmail>
	<authorUrl>www.joomla.org</authorUrl>
	<version>3.0.0</version>
	<description>MOD_MENU_XML_DESCRIPTION</description>
	<namespace path="src">Joomla\Module\Menu</namespace>
	<files>
		<folder module="mod_menu">services</folder>
		<folder>src</folder>
		<folder>tmpl</folder>
	</files>
	<languages>
		<language tag="en-GB">language/en-GB/mod_menu.ini</language>
		<language tag="en-GB">language/en-GB/mod_menu.sys.ini</language>
	</languages>
	<help key="Admin_Modules:_Administrator_Menu" />
	<config>
		<fields name="params">
			<fieldset name="basic" addfieldprefix="Joomla\Component\Menus\Administrator\Field">
				<field
					name="menutype"
					type="menu"
					label="MOD_MENU_FIELD_MENUTYPE_LABEL"
					clientid="1"
					>
					<option value="*">MOD_MENU_FIELD_MENUTYPE_OPTION_PREDEFINED</option>
				</field>

				<field
					name="preset"
					type="menuPreset"
					default="default"
					label="MOD_MENU_FIELD_PRESET_LABEL"
					description="MOD_MENU_FIELD_PRESET_DESC"
					showon="menutype:*"
				/>

				<field
					name="check"
					type="radio"
					label="MOD_MENU_FIELD_CHECK_LABEL"
					description="MOD_MENU_FIELD_CHECK_DESC"
					layout="joomla.form.field.radio.switcher"
					default="1"
					filter="integer"
					showon="menutype!:*"
					>
					<option value="0">JNO</option>
					<option value="1">JYES</option>
				</field>

				<field
					name="shownew"
					type="radio"
					label="MOD_MENU_FIELD_SHOWNEW"
					layout="joomla.form.field.radio.switcher"
					default="1"
					filter="integer"
					showon="menutype:*"
					>
					<option value="0">JHIDE</option>
					<option value="1">JSHOW</option>
				</field>

				<field
					name="showhelp"
					type="radio"
					label="MOD_MENU_FIELD_SHOWHELP"
					layout="joomla.form.field.radio.switcher"
					default="1"
					filter="integer"
					showon="menutype:*"
					>
					<option value="0">JHIDE</option>
					<option value="1">JSHOW</option>
				</field>

				<field
					name="forum_url"
					type="url"
					label="MOD_MENU_FIELD_FORUMURL_LABEL"
					description="MOD_MENU_FIELD_FORUMURL_DESC"
					filter="url"
					default=""
					showon="menutype:*"
					validate="url"
				/>
			</fieldset>

			<fieldset name="advanced">
				<field
					name="layout"
					type="modulelayout"
					label="JFIELD_ALT_LAYOUT_LABEL"
					class="form-select"
					validate="moduleLayout"
				/>

				<field
					name="moduleclass_sfx"
					type="textarea"
					label="COM_MODULES_FIELD_MODULECLASS_SFX_LABEL"
					rows="3"
					validate="CssIdentifier"
				/>
			</fieldset>
		</fields>
	</config>
</extension>
