<?xml version="1.0" encoding="UTF-8"?>
<extension type="module" client="administrator" method="upgrade">
	<name>mod_privacy_dashboard</name>
	<author>Joomla! Project</author>
	<creationDate>2018-06</creationDate>
	<copyright>(C) 2018 Open Source Matters, Inc.</copyright>
	<license>GNU General Public License version 2 or later; see LICENSE.txt</license>
	<authorEmail>admin@joomla.org</authorEmail>
	<authorUrl>www.joomla.org</authorUrl>
	<version>3.9.0</version>
	<description>MOD_PRIVACY_DASHBOARD_XML_DESCRIPTION</description>
	<namespace path="src">Joomla\Module\PrivacyDashboard</namespace>
	<files>
		<folder module="mod_privacy_dashboard">services</folder>
		<folder>src</folder>
		<folder>tmpl</folder>
	</files>
	<languages>
		<language tag="en-GB">language/en-GB/mod_privacy_dashboard.ini</language>
		<language tag="en-GB">language/en-GB/mod_privacy_dashboard.sys.ini</language>
	</languages>
	<help key="Admin_Modules:_Privacy_Dashboard" />
	<config>
		<fields name="params">
			<fieldset name="advanced">
				<field
					name="layout"
					type="modulelayout"
					label="JFIELD_ALT_LAYOUT_LABEL"
					class="form-select"
					validate="moduleLayout"
				/>

				<field
					name="moduleclass_sfx"
					type="textarea"
					label="COM_MODULES_FIELD_MODULECLASS_SFX_LABEL"
					rows="3"
					validate="CssIdentifier"
				/>

				<field
					name="cache"
					type="list"
					label="COM_MODULES_FIELD_CACHING_LABEL"
					default="1"
					filter="integer"
					validate="options"
					>
					<option value="1">JGLOBAL_USE_GLOBAL</option>
					<option value="0">COM_MODULES_FIELD_VALUE_NOCACHING</option>
				</field>

				<field
					name="cache_time"
					type="number"
					label="COM_MODULES_FIELD_CACHE_TIME_LABEL"
					default="900"
					filter="integer"
					min="1"
					validate="number"
				/>

				<field
					name="cachemode"
					type="hidden"
					default="static"
					>
					<option value="static"></option>
				</field>
			</fieldset>
		</fields>
	</config>
</extension>
